<?xml version="1.0" encoding="UTF-8"?>
<!-- Created with TexturePacker http://www.codeandweb.com/texturepacker-->
<!-- $TexturePacker:SmartUpdate:d11e621d39c8add0183e4adbacf3c9c9:6f5a983a05bf421cccafc49614a12fb1:ea788d55175a2b6a11ed506f59e270d8$ -->
<TextureAtlas imagePath="jughead.png">
    <SubTexture name="jughead_walking0001" x="2" y="2" width="110" height="110"/>
    <SubTexture name="jughead_walking0002" x="114" y="2" width="110" height="110"/>
    <SubTexture name="jughead_walking0003" x="226" y="2" width="110" height="110"/>
    <SubTexture name="jughead_walking0004" x="338" y="2" width="110" height="110"/>
    <SubTexture name="jughead_walking0005" x="450" y="2" width="110" height="110"/>
    <SubTexture name="jughead_walking0006" x="562" y="2" width="110" height="110"/>
    <SubTexture name="jughead_walking0007" x="674" y="2" width="110" height="110"/>
    <SubTexture name="jughead_walking0008" x="786" y="2" width="110" height="110"/>
    <SubTexture name="jughead_walking0009" x="898" y="2" width="110" height="110"/>
</TextureAtlas>
